<code_scheme name="Default (1)" version="173">
  <option name="CLASS_COUNT_TO_USE_IMPORT_ON_DEMAND" value="9999" />
  <option name="NAMES_COUNT_TO_USE_IMPORT_ON_DEMAND" value="50" />
  <option name="RIGHT_MARGIN" value="100" />
  <JavaCodeStyleSettings>
    <option name="CLASS_COUNT_TO_USE_IMPORT_ON_DEMAND" value="9999" />
    <option name="NAMES_COUNT_TO_USE_IMPORT_ON_DEMAND" value="50" />
  </JavaCodeStyleSettings>
  <XML>
    <option name="XML_LEGACY_SETTINGS_IMPORTED" value="true" />
  </XML>
  <codeStyleSettings language="HTML">
    <indentOptions>
      <option name="INDENT_SIZE" value="2" />
      <option name="CONTINUATION_INDENT_SIZE" value="4" />
      <option name="TAB_SIZE" value="2" />
      <option name="KEEP_INDENTS_ON_EMPTY_LINES" value="true" />
    </indentOptions>
  </codeStyleSettings>
</code_scheme>